Customer Id,Cost
fffe3400310033003300,0
fffe3600350035003400,0
fffe3700360030003500,0
fffe350038003600,0
fffe3500390032003500,0
fffe3900360034003300,0
fffe3200380034003700,0
fffe3900370035003200,0
fffe3100380039003200,0
fffe3300330036003800,0
fffe3600370030003400,0
fffe3500380034003200,0
fffe370035003600,0
fffe3100340039003800,0
fffe340030003700,0
fffe330038003700,0
fffe3500300032003000,0
fffe390038003700,0
fffe3600390033003600,0
fffe3300380036003100,0
fffe3200330032003100,0
fffe3900300037003900,0
fffe3100350030003700,0
fffe3700360035003100,0
fffe350034003100,0
fffe3400380039003700,0
fffe3900320031003800,0
fffe3300360034003600,0
fffe3500370037003500,0
fffe34003500,0
fffe3800370030003500,0
fffe3300340035003800,0
fffe3700380033003100,0
fffe3200370034003600,0
fffe3200370033003500,0
fffe3100380039003700,0
fffe3100310035003300,0
fffe3100320031003700,0
fffe3700390034003600,0
fffe3200380033003000,0
fffe3500320034003800,0
fffe3900390034003300,0
fffe3900350033003200,0
fffe3300350033003900,0
fffe3600330030003800,0
fffe3600310032003000,0
fffe3700340036003800,0
fffe3800320037003500,0
fffe3200330037003000,0
fffe3100320035003500,0
fffe3300370033003000,0
fffe3900360030003300,0
fffe3400340034003000,0
fffe3800300035003300,0
fffe3700340035003900,0
fffe3600340034003900,0
fffe310030003500,0
fffe3700310035003200,0
fffe3100330033003900,0
fffe3800330030003700,0
fffe3900370033003100,0
fffe3500330036003400,0
fffe3700350036003200,0
fffe3500390037003700,0
fffe3200340034003300,0
fffe3300350032003200,0
fffe360034003500,0
fffe3900390030003600,0
fffe3400350034003000,0
fffe3600360036003300,0
fffe3800350030003100,0
fffe3400300030003000,0
fffe3200390037003600,0
fffe3600350039003500,0
fffe3300350038003600,0
fffe3600350037003900,0
fffe3200360035003900,0
fffe3300360039003100,0
fffe3400370030003300,0
fffe3400300031003600,0
fffe3900340034003000,0
fffe3700350038003900,0
fffe3300330032003800,0
fffe370039003600,0
fffe3400340036003300,0
fffe3900360034003400,0
fffe3900380037003700,0
fffe3600360039003700,0
fffe3600340031003600,0
fffe3500370035003900,0
fffe3700330037003400,0
fffe320037003400,0
fffe3500310034003800,0
fffe3700390039003200,0
fffe3900390038003600,0
fffe3700380033003500,0
fffe3700320036003800,0
fffe3300360034003100,0
fffe3700330038003400,0
fffe3800380033003400,0
fffe3200390030003300,0
fffe3900380035003200,0
fffe3600340031003100,0
fffe3200300036003200,0
fffe370039003400,0
fffe3500390030003300,0
fffe3700350030003700,0
fffe3100370035003500,0
fffe3900390038003100,0
fffe3300320031003900,0
fffe3500300030003500,0
fffe3800380031003200,0
fffe3400390034003200,0
fffe3200370037003200,0
fffe370039003800,0
fffe3900360035003200,0
fffe3600370039003800,0
fffe310037003900,0
fffe3700360039003200,0
fffe3700350035003200,0
fffe3300350035003000,0
fffe3400340034003900,0
fffe3700340038003600,0
fffe3200320033003500,0
fffe3600310035003800,0
fffe36003300,0
fffe3500310038003000,0
fffe3600360036003500,0
fffe3400300039003500,0
fffe3300370034003400,0
fffe380037003400,0
fffe3500380036003000,0
fffe3800360031003700,0
fffe370031003300,0
fffe3500350032003700,0
fffe3400370035003100,0
fffe3800310033003400,0
fffe3800350031003600,0
fffe3700300032003200,0
fffe3400350036003400,0
fffe3300390034003200,0
fffe3700330030003300,0
fffe3100350038003600,0
fffe3900330030003100,0
fffe3400370033003200,0
fffe3800350031003900,0
fffe3600360034003400,0
fffe3300380033003000,0
fffe3700330038003800,0
fffe3500340033003100,0
fffe3600380030003900,0
fffe380036003000,0
fffe3800380034003300,0
fffe310034003100,0
fffe3500310036003700,0
fffe3700300039003400,0
fffe3800320037003400,0
fffe3600310034003600,0
fffe3200320034003700,0
fffe3700330034003400,0
fffe3100300032003200,0
fffe3400340038003100,0
fffe350030003200,0
fffe3200340038003900,0
fffe340036003500,0
fffe3700310037003100,0
fffe3900360030003100,0
fffe3800310038003800,0
fffe3500350039003900,0
fffe3100330039003800,0
fffe360034003400,0
fffe3300380030003500,0
fffe320036003600,0
fffe3900330038003700,0
fffe3400330031003500,0
fffe3800320033003000,0
fffe3200380039003600,0
fffe3200340032003500,0
fffe3700370036003500,0
fffe3200390030003500,0
fffe3300390036003200,0
fffe3300380031003000,0
fffe380038003100,0
fffe3900370034003200,0
fffe3800340036003900,0
fffe330035003900,0
fffe3300370031003900,0
fffe3300330034003700,0
fffe3400350030003500,0
fffe3400340039003300,0
fffe3200310033003300,0
fffe3200310037003600,0
fffe3600330039003400,0
fffe3900320030003400,0
fffe3100310035003900,0
fffe3700340034003800,0
fffe3400350035003400,0
fffe3600330033003700,0
fffe3400350030003900,0
fffe3300310038003500,0
fffe3100350035003700,0
fffe3600300037003100,0
fffe3600300033003300,0
fffe3600390035003600,0
fffe3800300032003800,0
fffe320034003200,0
fffe3700340031003000,0
fffe3100320031003100,0
fffe3600370035003300,0
fffe3500330039003500,0
fffe3500380031003100,0
fffe3900320035003900,0
fffe3600330036003100,0
fffe3200350033003600,0
fffe3600310030003200,0
fffe3200300037003000,0
fffe3500320034003300,0
fffe3800390031003200,0
fffe3700370034003400,0
fffe3100310036003500,0
fffe3500320036003600,0
fffe3900390037003300,0
fffe3600300031003200,0
fffe3800330038003700,0
fffe320037003100,0
fffe3400350032003000,0
fffe3800330033003700,0
fffe3400360035003800,0
fffe3800340038003900,0
fffe3500390038003800,0
fffe3300310032003900,0
fffe3700370037003700,0
fffe3100310036003700,0
fffe3300390032003600,0
fffe3700370036003900,0
fffe3300350038003000,0
fffe310038003600,0
fffe3200300031003700,0
fffe3800380031003300,0
fffe3900380038003400,0
fffe3500310036003500,0
fffe3300300039003700,0
fffe3900320035003100,0
fffe3800380034003100,0
fffe3800300031003200,0
fffe3800300037003600,0
fffe3500380038003600,0
fffe3100310033003400,0
fffe370035003000,0
fffe3700370030003200,0
fffe3800340038003500,0
fffe3100320032003900,0
fffe3600340034003700,0
fffe3300320039003300,0
fffe350034003400,0
fffe3100340039003700,0
fffe330033003800,0
fffe3400350036003200,0
fffe3300380031003200,0
fffe3100360030003100,0
fffe3300370031003600,0
fffe3700300034003700,0
fffe3900310031003600,0
fffe3500360037003100,0
fffe350039003400,0
fffe3600390038003200,0
fffe3800360039003700,0
fffe3600350033003300,0
fffe3900310031003500,0
fffe3500300035003600,0
fffe3800390031003300,0
fffe3100350035003600,0
fffe3800390036003400,0
fffe3500320033003600,0
fffe3600370036003700,0
fffe3700380037003500,0
fffe3600390032003500,0
fffe3700340036003900,0
fffe3200390035003700,0
fffe3900370032003500,0
fffe3500300038003600,0
fffe3600330033003400,0
fffe330037003100,0
fffe3400390037003200,0
fffe3800320036003400,0
fffe3800380038003500,0
fffe3200300039003800,0
fffe3900320039003500,0
fffe3600340036003700,0
fffe3600350037003800,0
fffe3500300037003700,0
fffe3100380032003600,0
fffe380037003500,0
fffe3100360034003900,0
fffe3700310036003500,0
fffe3400330035003200,0
fffe3300330032003200,0
fffe3100300036003000,0
fffe3100390034003500,0
fffe3500370031003500,0
fffe3500330039003600,0
fffe3600350038003400,0
fffe3200390032003100,0
fffe3600310031003100,0
fffe3700330031003900,0
fffe3700370033003300,0
fffe3300340038003000,0
fffe3100330037003300,0
fffe3800370030003700,0
fffe3300300037003600,0
fffe3800310036003800,0
fffe3200300033003200,0
fffe3800350030003600,0
fffe3800320039003200,0
fffe3100340030003100,0
fffe3500310032003000,0
fffe3200370033003900,0
fffe3300380032003900,0
fffe320031003400,0
fffe3300330038003200,0
fffe3900310032003200,0
fffe3800360039003400,0
fffe3500340038003800,0
fffe3200350033003700,0
fffe3400330038003300,0
fffe3500310037003100,0
fffe3500370038003300,0
fffe3700330032003000,0
fffe3900380030003800,0
fffe3100390037003700,0
fffe3700300035003100,0
fffe3700310038003000,0
fffe3200380030003300,0
fffe3300370036003800,0
fffe3600340032003000,0
fffe3200310036003000,0
fffe3700300033003300,0
fffe320031003300,0
fffe3100360034003800,0
fffe3400,0
fffe3700360030003400,0
fffe3400300036003800,0
fffe3600310030003600,0
fffe3300310036003300,0
fffe3400390035003800,0
fffe3700320035003000,0
fffe3400340037003000,0
fffe3700380033003800,0
fffe350039003100,0
fffe3400330038003700,0
fffe3700310030003500,0
fffe3100320038003000,0
fffe3600360030003000,0
fffe3900330034003600,0
fffe320032003100,0
fffe3700370035003200,0
fffe3600340030003000,0
fffe3300340033003700,0
fffe3300340033003900,0
fffe3700330031003400,0
fffe370033003700,0
fffe3700380032003500,0
fffe3700300034003800,0
fffe3900350034003400,0
fffe3500350033003200,0
fffe3500370037003400,0
fffe3700320031003200,0
fffe3100390033003100,0
fffe3900340038003900,0
fffe3500350038003600,0
fffe3100350037003300,0
fffe350031003400,0
fffe3600360031003100,0
fffe3600360030003300,0
fffe3700350037003300,0
fffe3100310032003300,0
fffe3600310033003000,0
fffe380033003300,0
fffe3600330031003000,0
fffe3900380034003400,0
fffe3600380039003900,0
fffe3900340031003400,0
fffe3500350031003500,0
fffe3200390034003500,0
fffe3300320036003100,0
fffe3500370034003000,0
fffe3700350031003700,0
fffe3300390032003800,0
fffe360038003500,0
fffe3900300037003100,0
fffe3900310031003700,0
fffe3100320033003300,0
fffe3200320035003800,0
fffe3200360034003300,0
fffe3600330031003300,0
fffe3900390035003600,0
fffe390032003600,0
fffe3600370037003900,0
fffe3700300031003600,0
fffe3900340030003300,0
fffe340032003700,0
fffe3600350035003200,0
fffe3700360036003000,0
fffe3800300036003100,0
fffe3400330037003400,0
fffe390038003600,0
fffe3300360035003000,0
fffe380036003600,0
fffe3400390036003200,0
fffe3300300030003800,0
fffe3800330039003100,0
fffe3400380030003000,0
fffe3800310036003900,0
fffe3500320038003700,0
fffe37003200,0
fffe3300370038003100,0
fffe3800380039003000,0
fffe3500340030003600,0
fffe3700300039003300,0
fffe3800310034003100,0
fffe3500360038003000,0
fffe3800370036003100,0
fffe3700320032003600,0
fffe3800330033003400,0
fffe3700320034003300,0
fffe3300330039003000,0
fffe3400300039003400,0
fffe3500360034003300,0
fffe3700350038003000,0
fffe3100310031003500,0
fffe3400330035003600,0
fffe3800300034003700,0
fffe3200300038003700,0
fffe3500320037003300,0
fffe3200300031003800,0
fffe3700360035003000,0
fffe3500330030003500,0
fffe3700300032003700,0
fffe3200320031003800,0
fffe3600390036003400,0
fffe3800320036003600,0
fffe390030003000,0
fffe380038003200,0
fffe3600320032003300,0
fffe3300350038003700,0
fffe3800380035003100,0
fffe3200310032003800,0
fffe3500350038003100,0
fffe3500350037003000,0
fffe3900350037003300,0
fffe3400340032003800,0
fffe3700330036003100,0
fffe3800380032003400,0
fffe3400380033003300,0
fffe3500390035003600,0
fffe3200380039003700,0
fffe380036003300,0
fffe320035003600,0
fffe3900370030003000,0
fffe3500350036003900,0
fffe3200340032003600,0
fffe3500320031003200,0
fffe3400300035003500,0
fffe3800330032003800,0
fffe3400380030003700,0
fffe3100390035003600,0
fffe3400350034003500,0
fffe3300390033003800,0
fffe3100300038003900,0
fffe3200390037003900,0
fffe3700350030003800,0
fffe3600370034003500,0
fffe3500350039003800,0
fffe3800300034003300,0
fffe3800370030003600,0
fffe3500360031003100,0
fffe3800390031003100,0
fffe3500360031003800,0
fffe310038003300,0
fffe310035003900,0
fffe350036003400,0
fffe3800390038003100,0
fffe3600300034003000,0
fffe3300380030003400,0
fffe3800310033003900,0
fffe3400380032003200,0
fffe3800310030003300,0
fffe3400330032003500,0
fffe3900370032003900,0
fffe3800330037003700,0
fffe320036003800,0
fffe3500380035003900,0
fffe3200310036003700,0
fffe3400390030003800,0
fffe3900340039003700,0
fffe3300360038003800,0
fffe3200390033003500,0
fffe3600360034003500,0
fffe3600360031003300,0
fffe3700310033003500,0
fffe3900330037003100,0
fffe310032003100,0
fffe3800360034003500,0
fffe3100330034003300,0
fffe3900340038003200,0
fffe370032003200,0
fffe3300310030003500,0
fffe320036003700,0
fffe3500320037003900,0
fffe3400370031003400,0
fffe3900340037003100,0
fffe3300380035003200,0
fffe390030003200,0
fffe3200360033003200,0
fffe3200340039003600,0
fffe3300300033003400,0
fffe38003800,0
fffe3600330031003400,0
fffe3700350038003800,0
fffe3700340031003500,0
fffe3700390037003100,0
fffe3200360035003700,0
fffe3500320037003000,0
fffe3800390038003400,0
fffe3200300031003400,0
fffe3500350038003800,0
fffe3500340031003900,0
fffe3600340038003300,0
fffe3500310039003000,0
fffe3600390034003100,0
fffe3400330034003400,0
fffe350038003200,0
fffe3100360035003400,0
fffe310037003400,0
fffe3800340035003200,0
fffe3800360036003000,0
fffe3500340033003200,0
fffe3500330035003400,0
fffe3100310033003200,0
fffe3200330030003100,0
fffe3900320038003500,0
fffe3700310038003800,0
fffe3200380033003500,0
fffe3100360035003500,0
fffe3200360030003900,0
fffe3900360035003100,0
fffe3800340034003500,0
fffe3100370031003000,0
fffe3500320035003500,0
fffe3400360034003900,0
fffe3900330037003300,0
fffe3300320039003800,0
fffe3700350030003500,0
fffe3600380031003300,0
fffe3700360030003700,0
fffe3900350033003900,0
fffe3900350037003900,0
fffe3200390035003300,0
fffe3500380037003300,0
fffe3800300032003500,0
fffe3700360032003300,0
fffe3900330034003300,0
fffe3200330039003200,0
fffe3300350037003600,0
fffe3100350038003100,0
fffe3200330038003100,0
fffe3700330038003200,0
fffe3700360033003800,0
fffe3800370038003100,0
fffe3800340035003600,0
fffe3100370033003800,0
fffe3500300031003700,0
fffe3500360039003700,0
fffe3500330031003500,0
fffe3500310035003000,0
fffe3700340034003000,0
fffe3600320036003000,0
fffe3800370033003300,0
fffe3400360031003400,0
fffe3300370037003300,0
fffe3200330030003400,0
fffe3600370037003100,0
fffe3100360036003100,0
fffe3200350035003300,0
fffe3400360033003600,0
fffe3400390031003800,0
fffe3500370036003300,0
fffe3300350032003400,0
fffe3700340038003700,0
fffe3700330037003100,0
fffe3600350031003800,0
fffe3800310033003700,0
fffe3200300038003500,0
fffe3300310032003200,0
fffe370032003000,0
fffe3900310034003600,0
fffe3100370032003900,0
fffe3200360031003100,0
fffe370037003300,0
fffe340037003000,0
fffe3100380035003700,0
fffe3100360031003700,0
fffe3600380030003700,0
fffe3600350030003500,0
fffe3600340030003900,0
fffe3800300034003800,0
fffe3500330031003800,0
fffe3600350030003400,0
fffe320031003100,0
fffe3100360030003900,0
fffe3400340036003000,0
fffe3800310032003700,0
fffe3400380038003600,0
fffe360036003600,0
fffe390039003900,0
fffe3700380030003600,0
fffe3200340030003800,0
fffe3400310037003300,0
fffe3800390032003300,0
fffe3100340033003800,0
fffe3900390031003400,0
fffe3600350034003000,0
fffe3100360032003300,0
fffe3600390037003900,0
fffe3700350036003300,0
fffe3400370030003800,0
fffe360032003600,0
fffe380037003800,0
fffe3700320039003200,0
fffe3800300030003600,0
fffe3700390033003400,0
fffe3500370037003300,0
fffe3300330038003700,0
fffe3300310031003600,0
fffe3500370031003700,0
fffe3600330032003000,0
fffe350038003700,0
fffe3700370033003400,0
fffe3900310032003100,0
fffe3300300035003300,0
fffe3500350030003700,0
fffe3800300030003900,0
fffe320033003100,0
fffe3300360030003600,0
fffe3400370039003600,0
fffe370036003300,0
fffe3500320031003600,0
fffe3300300031003400,0
fffe3100360036003600,0
fffe3200380039003300,0
fffe3200380036003500,0
fffe3100360034003700,0
fffe35003900,0
fffe3300380031003100,0
fffe3400300037003700,0
fffe3100310039003900,0
fffe3200320034003400,0
fffe380034003400,0
fffe3900330033003300,0
fffe3200310034003500,0
fffe3600330035003500,0
fffe3900380039003400,0
fffe3600310034003100,0
fffe3800360037003300,0
fffe3200380039003000,0
fffe3600320031003000,0
fffe3300360039003400,0
fffe3400320032003400,0
fffe3600320034003000,0
fffe3100370039003700,0
fffe3300300032003100,0
fffe3500380038003400,0
fffe3400350036003500,0
fffe3800380034003900,0
fffe3600320030003800,0
fffe3500350030003900,0
fffe3500310038003500,0
fffe3500320039003400,0
fffe3700340030003900,0
fffe3100390032003400,0
fffe3700330036003000,0
fffe3200320038003800,0
fffe3400300036003200,0
fffe3900360037003000,0
fffe3500350030003500,0
fffe3800390032003400,0
fffe350036003300,0
fffe3800370034003700,0
fffe3100350036003700,0
fffe3600300030003600,0
fffe3600370031003700,0
fffe3700320034003200,0
fffe3500370034003200,0
fffe3300330039003300,0
fffe3600370039003100,0
fffe350030003400,0
fffe380033003900,0
fffe3200370038003000,0
fffe3600340031003000,0
fffe3700330037003500,0
fffe330039003600,0
fffe3300350033003700,0
fffe3500370039003100,0
fffe3100390032003800,0
fffe3900350030003700,0
fffe3300390036003600,0
fffe3700360039003700,0
fffe3700360037003100,0
fffe320030003200,0
fffe3400390035003900,0
fffe38003900,0
fffe3600370030003100,0
fffe3200370034003300,0
fffe3900370039003800,0
fffe3500320034003600,0
fffe3100330038003800,0
fffe3500300034003700,0
fffe3700370039003300,0
fffe3900350036003900,0
fffe3300370034003700,0
fffe390037003300,0
fffe3100300031003900,0
fffe3600330039003500,0
fffe3200320037003800,0
fffe3400300030003200,0
fffe3800320033003500,0
fffe340032003500,0
fffe3700340035003700,0
fffe370037003700,0
fffe3600380031003900,0
fffe3100340031003600,0
fffe3400320038003600,0
fffe3700340032003100,0
fffe310039003500,0
fffe3500350030003600,0
fffe3400300035003200,0
fffe3300350039003200,0
fffe3100390030003400,0
fffe3300310039003300,0
fffe3400360032003400,0
fffe3400310032003900,0
fffe3500370035003600,0
fffe3800320039003600,0
fffe3800390039003300,0
fffe3600300036003100,0
fffe3900380035003700,0
fffe3900350031003100,0
fffe31003800,0
fffe3700300035003500,0
fffe3700320033003000,0
fffe3700390031003400,0
fffe3500390030003400,0
fffe3600380039003800,0
fffe3100310038003100,0
fffe3500310031003100,0
fffe3500350034003100,0
fffe3200320039003100,0
fffe3300360039003300,0
fffe3500370033003600,0
fffe3900300035003100,0
fffe3900320032003000,0
fffe3700390030003200,0
fffe3800330036003400,0
fffe3900330037003900,0
fffe3400300039003000,0
fffe3300370035003800,0
fffe3500390031003400,0
fffe3600300034003600,0
fffe3300300034003200,0
fffe3900330038003200,0
fffe3200370031003600,0
fffe3700370033003800,0
fffe3300340034003200,0
fffe3500390037003600,0
fffe3300310036003600,0
fffe3100340034003300,0
fffe3400350034003200,0
fffe3500380031003600,0
fffe3300340030003000,0
fffe350038003300,0
fffe3700320039003100,0
fffe3200350033003300,0
fffe3500300038003400,0
fffe3500370035003300,0
fffe3900350038003700,0
fffe3100360033003300,0
fffe3200340033003400,0
fffe3700300031003700,0
fffe3800360033003300,0
fffe3200340033003200,0
fffe3900370039003900,0
fffe3300360038003900,0
fffe3100320036003000,0
fffe3600300035003000,0
fffe3200380032003700,0
fffe3600380030003600,0
fffe3100320030003200,0
fffe3900390033003400,0
fffe3800340032003300,0
fffe3500330037003400,0
fffe3300390033003200,0
fffe3700370030003000,0
fffe3400350034003400,0
fffe3700300030003400,0
fffe3700340034003200,0
fffe320035003100,0
fffe310035003000,0
fffe3700340033003200,0
fffe3300330033003800,0
fffe3900350038003200,0
fffe3600310030003500,0
fffe3100310038003200,0
fffe3600340031003200,0
fffe3200310032003700,0
fffe3400380036003200,0
fffe3900370038003700,0
fffe3100350032003900,0
fffe3700350030003900,0
fffe3100340032003700,0
fffe3100380032003400,0
fffe3500330038003300,0
fffe3700310031003400,0
fffe3500380034003800,0
fffe3500300031003400,0
fffe3800350035003700,0
fffe3100370033003500,0
fffe3200370035003800,0
fffe3300330030003700,0
fffe3900350036003800,0
fffe3600300036003200,0
fffe37003000,0
fffe3600360035003700,0
fffe3600380034003500,0
fffe3100370035003000,0
fffe3200320032003100,0
fffe3400330037003900,0
fffe3100370036003900,0
fffe380032003700,0
fffe34003300,0
fffe3400350032003600,0
fffe3600300035003100,0
fffe330037003400,0
fffe3100320039003800,0
fffe3700390033003300,0
fffe3900340032003000,0
fffe3700360032003700,0
fffe3300340033003600,0
fffe3800380035003200,0
fffe3800360039003500,0
fffe3100310039003500,0
fffe3200360035003000,0
fffe3100320039003100,0
fffe3700370034003200,0
fffe3500390033003800,0
fffe3200360032003600,0
fffe3100320031003000,0
fffe340034003800,0
fffe340030003100,0
fffe3100350033003900,0
fffe3300300036003400,0
fffe3800370036003000,0
fffe3200340032003400,0
fffe3700300031003400,0
fffe3300320031003800,0
fffe3400360032003700,0
fffe3700340036003100,0
fffe3900370034003400,0
fffe3500380038003500,0
fffe3200380037003300,0
fffe320031003800,0
fffe3700350032003200,0
fffe3900310037003300,0
fffe3300320037003700,0
fffe3900380035003800,0
fffe3700340033003000,0
fffe3900330033003500,0
fffe3300360035003300,0
fffe3700320031003600,0
fffe3800390033003100,0
fffe390034003800,0
fffe3500320033003800,0
fffe320036003100,0
fffe3300300037003800,0
fffe3600390036003700,0
fffe330033003700,0
fffe3700340038003300,0
fffe3600370037003600,0
fffe3500350038003400,0
fffe3300330034003600,0
fffe3900330036003800,0
fffe3400310039003700,0
fffe3200310031003500,0
fffe3400370034003900,0
fffe3800350036003100,0
fffe380039003400,0
fffe3600360033003300,0
fffe3800310030003500,0
fffe3200380034003100,0
fffe3900390035003900,0
fffe3300390030003800,0
fffe360035003000,0
fffe3500300030003800,0
fffe3300300033003500,0
fffe3700350035003300,0
fffe3800390035003500,0
fffe3400330032003300,0
fffe3800370035003900,0
fffe3400350037003600,0
fffe3200360039003200,0
fffe3500310035003500,0
fffe3300350037003900,0
fffe360030003100,0
fffe3700370038003900,0
fffe3500380035003400,0
fffe3500330035003000,0
fffe3100320038003100,0
fffe3700390033003700,0
fffe3800320036003900,0
fffe3700370031003900,0
fffe3500340037003100,0
fffe3700310035003600,0
fffe390035003500,0
fffe3300350036003000,0
fffe3800330033003500,0
fffe3700300031003300,0
fffe3800390033003300,0
fffe3500390038003000,0
fffe3200360039003000,0
fffe3600320034003100,0
fffe3900310035003800,0
fffe310035003800,0
fffe3900320039003400,0
fffe3500330034003600,0
fffe3200380038003200,0
fffe3400300030003600,0
fffe3100300034003100,0
fffe3500370033003200,0
fffe3900350031003500,0
fffe3100380036003800,0
fffe3100330039003400,0
fffe3500380039003700,0
fffe3400390035003200,0
fffe3400330033003000,0
fffe3100350033003500,0
fffe3200310030003800,0
fffe3900380039003800,0
fffe350033003800,0
fffe3200310038003500,0
fffe3700380039003000,0
fffe3200320039003600,0
fffe3300370031003200,0
fffe3300360034003500,0
fffe3100350030003100,0
fffe3100360039003100,0
fffe330038003800,0
fffe3200300038003300,0
fffe3400350035003800,0
fffe3900350035003600,0
fffe3600330034003500,0
fffe3600390031003100,0
fffe360035003500,0
fffe380038003800,0
fffe3100380032003500,0
fffe3500320035003700,0
fffe3900340036003700,0
fffe3100330035003800,0
fffe3500300038003100,0
fffe3100350031003400,0
fffe3800320038003900,0
fffe3900340031003000,0
fffe310035003500,0
fffe3200360038003000,0
fffe34003700,0
fffe3200370037003100,0
fffe340031003100,0
fffe3100340037003900,0
fffe3800350033003900,0
fffe3900330035003000,0
fffe3500340031003300,0
fffe3800390033003800,0
fffe3700330035003300,0
fffe3400370035003600,0
fffe3700300038003700,0
fffe3900300035003900,0
fffe3300370039003600,0
fffe3800300034003100,0
fffe3800360030003100,0
fffe3200380034003500,0
fffe3700380035003500,0
fffe33003100,0
fffe3100360035003200,0
fffe3100330031003100,0
fffe3800370033003700,0
fffe3400330037003300,0
fffe3700390033003800,0
fffe390035003100,0
fffe3100330031003800,0
fffe3100330030003800,0
fffe3500390038003600,0
fffe3300310034003300,0
fffe3400330032003200,0
fffe3900330032003700,0
fffe3600380037003100,0
fffe3700320033003100,0
fffe3200310039003400,0
fffe3800390031003900,0
fffe3100370038003400,0
fffe360033003400,0
fffe3400320038003000,0
fffe3600360035003900,0
fffe3300330034003100,0
fffe3300350037003100,0
fffe3800350037003000,0
fffe390031003600,0
fffe3500360033003200,0
fffe3800300035003200,0
fffe3100390036003700,0
fffe3900360030003900,0
fffe3700310037003400,0
fffe3500390033003600,0
fffe3500300032003400,0
fffe3400380036003700,0
fffe3400390034003400,0
fffe3500310035003800,0
fffe3500340030003400,0
fffe3600390030003100,0
fffe3400330034003600,0
fffe3100360033003900,0
fffe3300380035003500,0
fffe3400340039003700,0
fffe3900330033003800,0
fffe3200330030003800,0
fffe3700350032003000,0
fffe3600320035003900,0
fffe3400330034003200,0
fffe3600380039003100,0
fffe39003900,0
fffe3900340036003400,0
fffe3400390030003100,0
fffe3700310039003800,0
fffe3900370035003600,0
fffe3100320035003300,0
fffe3300350034003100,0
fffe3900370036003700,0
fffe360033003100,0
fffe3700380038003800,0
fffe3500380033003600,0
fffe3900360034003900,0
fffe3300380038003300,0
fffe3100380037003700,0
fffe3300320030003600,0
fffe3900350032003900,0
fffe3600370032003200,0
fffe3500300038003500,0
fffe3100340038003800,0
fffe3700310030003200,0
fffe3200310035003500,0
fffe3400320033003600,0
fffe3900330034003400,0
fffe3500350033003600,0
fffe3800310033003300,0
fffe3700360034003500,0
fffe3700340037003900,0
fffe3700320030003700,0
fffe3800320037003200,0
fffe3200380032003500,0
fffe3100300039003400,0
fffe3400370038003500,0
fffe3800360037003100,0
fffe38003200,0
fffe3800320039003900,0
fffe3800370039003900,0
fffe3800320037003600,0
fffe3400380034003800,0
fffe3400340033003300,0
fffe3200300030003300,0
fffe3600370037003800,0
fffe3400310035003700,0
fffe3100360031003900,0
fffe3200350037003700,0
fffe3200370038003700,0
fffe3400350037003900,0
fffe3300340031003900,0
fffe3400330037003800,0
fffe3400380031003200,0
fffe3300300030003000,0
fffe3700300036003400,0
fffe3700310038003500,0
fffe3500310038003600,0
fffe3800390036003300,0
fffe3800330035003700,0
fffe320033003400,0
fffe3400390039003300,0
fffe3100370035003600,0
fffe3100390034003000,0
fffe3200370038003500,0
fffe3700340039003100,0
fffe3200330037003100,0
fffe3300340034003800,0
fffe3400300038003100,0
fffe3500320033003900,0
fffe3500340030003000,0
fffe3100310034003400,0
fffe3400390038003300,0
fffe3900310033003800,0
fffe3800360031003300,0
fffe3600380033003100,0
fffe3200360032003900,0
fffe3500370030003900,0
fffe3200340035003600,0
fffe3900370039003500,0
fffe3900320037003900,0
fffe3500350033003700,0
fffe3400360038003000,0
fffe360036003700,0
fffe3400390034003900,0
fffe3200370036003500,0
fffe3300310030003900,0
fffe3100390036003200,0
fffe3700380036003100,0
fffe3600300031003500,0
fffe3700300035003000,0
fffe3800300031003100,0
fffe3700350034003700,0
fffe3200330033003700,0
fffe3200330033003900,0
fffe3500380031003200,0
fffe3500350030003100,0
fffe3600380035003300,0
fffe3200350032003500,0
fffe3500330035003500,0
fffe3700310038003100,0
fffe3700310036003700,0
fffe3300370038003300,0
fffe3200320034003200,0
fffe3400300037003300,0
fffe3300360039003000,0
fffe3100380039003300,0
fffe3600320034003400,0
fffe3900390039003200,0
fffe3400350036003100,0
fffe3200300033003000,0
fffe3300390032003000,0
fffe3500340035003700,0
fffe3200380039003900,0
fffe3600330030003400,0
fffe3600360034003200,0
fffe3500300034003000,0
fffe3400330039003800,0
fffe3500390039003600,0
fffe3200310038003800,0
fffe3600300030003200,0
fffe3200390036003200,0
fffe390033003900,0
fffe3700370038003000,0
fffe3800350038003900,0
fffe3500320034003200,0
fffe3900300032003300,0
fffe3200390030003100,0
fffe3300370035003900,0
fffe3700360034003300,0
fffe3900370037003700,0
fffe3600350038003000,0
fffe3900360031003700,0
fffe370038003200,0
fffe3300330031003100,0
fffe3800360031003100,0
fffe3800380039003900,0
fffe3800320038003600,0
fffe3300320032003500,0
fffe310038003700,0
fffe3600310037003500,0
fffe3300380030003300,0
fffe3900360031003400,0
fffe3700330037003200,0
fffe3700320038003200,0
fffe3500370036003500,0
fffe3700390036003200,0
fffe3100300035003600,0
fffe3900340038003800,0
fffe3600350039003800,0
fffe3600320030003000,0
fffe3600300031003700,0
fffe3300320031003500,0
fffe3700340038003900,0
fffe3400360032003600,0
fffe3300380037003700,0
fffe3100350035003000,0
fffe3600320039003000,0
fffe3700330031003800,0
fffe3600340033003800,0
fffe330035003600,0
fffe3700380037003000,0
fffe3700350037003800,0
fffe3700390037003400,0
fffe3300350034003900,0
fffe390038003800,0
fffe3400320036003800,0
fffe3300330032003500,0
fffe3800380031003500,0
fffe3400350039003100,0
fffe310036003100,0
fffe3900390039003000,0
fffe3300360033003200,0
fffe3800380033003800,0
fffe3500340038003300,0
fffe3500370031003300,0
fffe3400300034003700,0
fffe3700360037003800,0
fffe3800340038003400,0
fffe3700330036003900,0
fffe3900310037003400,0
fffe3300370030003300,0
fffe350039003500,0
fffe3300360037003800,0
fffe3500380035003300,0
fffe3800320030003000,0
fffe3100350032003700,0
fffe370033003900,0
fffe3200320031003900,0
fffe3400350031003300,0
fffe3200370032003500,0
fffe3600340032003500,0
fffe3800380038003200,0
fffe3500390035003900,0
fffe3400390036003800,0
fffe3800350036003000,0
fffe3900370030003900,0
fffe3200350036003600,0
fffe3800350032003100,0
fffe3900340037003800,0
fffe3400340039003400,0
fffe3700390038003200,0
fffe3200380034003200,0
fffe3800380030003100,0
fffe370037003800,0
fffe3700330032003400,0
fffe3700300030003700,0
fffe3200390030003000,0
fffe3400320036003400,0
fffe3700390038003700,0
fffe3400300037003800,0
fffe3800300035003400,0
fffe3400370037003300,0
fffe3600390032003300,0
fffe3700340033003600,0
fffe3900390038003400,0
fffe3800330037003800,0
fffe3400330036003500,0
fffe350037003400,0
fffe3200360034003700,0
fffe3700320034003700,0
fffe3200300038003900,0
fffe3100370032003600,0
fffe3400340034003400,0
fffe320038003200,0
fffe3900360034003000,0
fffe3700370037003400,0
fffe320035003400,0
fffe3500390030003900,0
fffe3700300034003300,0
fffe3300380032003600,0
fffe3400390039003400,0
fffe3500380038003700,0
fffe3200360037003300,0
fffe3700320038003400,0
fffe3900310036003600,0
fffe3300340037003200,0
fffe3600360037003300,0
fffe3300340030003100,0
fffe3800320034003700,0
fffe3100360037003700,0
fffe3900360038003200,0
fffe3900370031003400,0
fffe3300390036003900,0
fffe3400350031003500,0
fffe3900320032003800,0
fffe3200360031003300,0
fffe3200370032003900,0
fffe3300300038003500,0
fffe3400330034003700,0
fffe320035003000,0
fffe3100390034003300,0
fffe3300310034003200,0
fffe3900300033003200,0
fffe3700390039003300,0
fffe350033003000,0
fffe3700320031003500,0
fffe3300320030003300,0
fffe3800310036003500,0
fffe3400370036003100,0
fffe390033003500,0
fffe3100390034003400,0
fffe3400390038003400,0
fffe3300300035003700,0
fffe3200340035003400,0
fffe3800310033003200,0
fffe3300350037003300,0
fffe3900330039003800,0
fffe3400370035003900,0
fffe3200380039003400,0
fffe3900380037003000,0
fffe3400310039003900,0
fffe370039003500,0
fffe3100330037003600,0
fffe3700330037003600,0
fffe3800330035003600,0
fffe3100390038003400,0
fffe3700360039003000,0
fffe3100310032003800,0
fffe3100390034003800,0
fffe380032003900,0
fffe3300380039003300,0
fffe3500320036003700,0
fffe3800310036003000,0
fffe3400340038003700,0
fffe36003500,0
fffe3800360030003300,0
fffe3600340036003800,0
fffe3500360035003500,0
fffe3100380030003400,0
fffe3300310035003400,0
fffe3200340031003800,0
fffe350030003300,0
fffe3100300037003900,0
fffe3100340036003200,0
fffe3200320036003700,0
fffe370035003900,0
fffe3700310034003800,0
fffe3400370031003100,0
fffe3600380034003700,0
fffe3700370037003300,0
fffe3500370032003500,0
fffe3500340037003800,0
fffe3600380033003900,0
fffe3700340035003200,0
fffe3900330034003700,0
fffe3300360036003900,0
fffe3600340030003300,0
fffe3200310031003400,0
fffe3100390032003100,0
fffe3200330033003800,0
fffe3700330034003500,0
fffe3200360033003700,0
fffe3100340033003100,0
fffe3300360037003400,0
fffe3300360035003600,0
fffe3200350038003400,0
fffe3200320032003200,0
fffe3500330036003700,0
fffe3300360036003300,0
fffe3300360033003500,0
fffe330038003000,0
fffe3700360039003600,0
fffe3800320037003300,0
fffe3100330038003200,0
fffe3700310032003200,0
fffe320037003500,0
fffe3600300037003700,0
fffe3500360030003200,0
fffe340031003500,0
fffe3100300036003800,0
fffe3100390035003100,0
fffe3100350034003700,0
fffe3500320032003900,0
fffe380036003200,0
fffe3800300037003500,0
fffe3800370038003500,0
fffe3300340037003900,0
fffe3500320039003500,0
fffe3500360038003900,0
fffe3900370035003400,0
fffe3400330031003100,0
fffe3300360031003400,0
fffe3500360034003600,0
fffe3100350037003700,0
fffe3300330039003700,0
fffe3400370037003600,0
fffe3200370032003100,0
fffe340030003600,0
fffe3300300036003000,0
fffe3500350039003100,0
fffe3300340034003700,0
fffe3600350038003200,0
fffe3900310032003500,0
fffe3900350039003200,0
fffe340034003400,0
fffe3700300030003800,0
fffe3300360031003100,0
fffe3600300032003300,0
fffe3100390036003900,0
fffe3300340030003200,0
fffe3500390032003400,0
fffe3800350038003700,0
fffe3300310039003000,0
fffe330036003100,0
fffe3800370039003000,0
fffe3500320030003600,0
fffe3700370036003000,0
fffe3600340030003200,0
fffe3600340037003000,0
fffe3600350032003600,0
fffe3900310033003900,0
fffe3900390035003500,0
fffe3600330031003600,0
fffe3200350035003800,0
fffe3500330030003600,0
fffe3900350039003000,0
fffe3200360032003300,0
fffe3200300034003800,0
fffe3900320038003600,0
fffe3500320033003000,0
fffe350032003000,0
fffe31003900,0
fffe3500340035003300,0
fffe3700380033003000,0
fffe3100380038003200,0
fffe3700310034003700,0
fffe3300360030003700,0
fffe3800360032003900,0
fffe3400360034003700,0
fffe3700320036003300,0
fffe3200300037003500,0
fffe3300320033003400,0
fffe3900300039003500,0
fffe3300360035003100,0
fffe3700350033003400,0
fffe3900350030003000,0
fffe310037003100,0
fffe3400340035003500,0
fffe340039003400,0
fffe3200390038003700,0
fffe3100300039003900,0
fffe3800320034003600,0
fffe3200350030003000,0
fffe3900310034003300,0
fffe3900390034003700,0
fffe3700360030003800,0
fffe3300330035003700,0
fffe3900320039003100,0
fffe3100300033003300,0
fffe320032003300,0
fffe3900350035003200,0
fffe3300320031003000,0
fffe3400330034003300,0
fffe3400300038003900,0
fffe3300370034003600,0
fffe3700360033003500,0
fffe3400390039003100,0
fffe3400340035003000,0
fffe3400310034003600,0
fffe3200330034003700,0
fffe330036003000,0
fffe3100340038003100,0
fffe3900370037003400,0
fffe3100320037003700,0
fffe320039003400,0
fffe3600310031003600,0
fffe3600360036003800,0
fffe3800390039003000,0
fffe3800370032003300,0
fffe3300390030003500,0
fffe3200380033003700,0
fffe3300310035003900,0
fffe3400310035003300,0
fffe3700370038003200,0
fffe3700380034003000,0
fffe3200350036003000,0
fffe3400330031003900,0
fffe3900320033003700,0
fffe3300330037003100,0
fffe3500380030003000,0
fffe3300310032003500,0
fffe3700330036003800,0
fffe3100350035003900,0
fffe3400390033003600,0
fffe3700320037003200,0
fffe390036003700,0
fffe3300380035003300,0
fffe3200310033003800,0
fffe3600390035003400,0
fffe3700390030003700,0
fffe3500380038003000,0
fffe3500340034003600,0
fffe3800350032003000,0
fffe3100350037003100,0
fffe3500370036003900,0
fffe3400370037003400,0
fffe3400320037003200,0
fffe3600340038003100,0
fffe3400370039003300,0
fffe3300390037003000,0
fffe3900330030003400,0
fffe3400320031003000,0
fffe310031003800,0
fffe3200310036003500,0
fffe3300330039003100,0
fffe3400340035003800,0
fffe3600370038003500,0
fffe3500340039003700,0
fffe370033003100,0
fffe310030003600,0
fffe3600360033003800,0
fffe3400350037003400,0
fffe3100370031003200,0
fffe3100310039003100,0
fffe360037003900,0
fffe3400310033003200,0
fffe3900390038003500,0
fffe3600330032003300,0
fffe3600380031003200,0
fffe3500310036003800,0
fffe3700350035003800,0
fffe330031003700,0
fffe3200380035003300,0
fffe380034003000,0
fffe330033003500,0
fffe3100390039003900,0
fffe3500380036003100,0
fffe3800340039003000,0
fffe3100370038003600,0
fffe3400390032003700,0
fffe3900380037003400,0
fffe3700330038003600,0
fffe3900370037003500,0
fffe3700330039003900,0
fffe3800330038003400,0
fffe3600360030003600,0
fffe3100310038003600,0
fffe3800300035003800,0
fffe3300350034003200,0
fffe3600380032003800,0
fffe3700380031003800,0
fffe3200320038003000,0
fffe340032003200,0
fffe3100320036003500,0
fffe3600350039003900,0
fffe3900380038003600,0
fffe3900380031003000,0
fffe390035003600,0
fffe3300370033003200,0
fffe3500340036003600,0
fffe3800330031003400,0
fffe3700350033003100,0
fffe3800320038003700,0
fffe3300370032003000,0
fffe3600360032003200,0
fffe3800390036003500,0
fffe390039003100,0
fffe3600310030003700,0
fffe340037003200,0
fffe3100330037003500,0
fffe3100360031003800,0
fffe3200340036003300,0
fffe3400310039003300,0
fffe3300300038003900,0
fffe3100310033003700,0
fffe3100360039003000,0
fffe3200390034003100,0
fffe3100330033003600,0
fffe3300350037003400,0
fffe360032003800,0
fffe380036003700,0
fffe3800300032003600,0
fffe3600380031003000,0
fffe3300330038003500,0
fffe3700340032003200,0
fffe3300370037003700,0
fffe3500370035003700,0
fffe360036003900,0
fffe3100390037003900,0
fffe3500370037003200,0
fffe3400340032003000,0
fffe3100370037003300,0
fffe3500320035003000,0
fffe3500340036003500,0
fffe3300350036003200,0
fffe3400330038003100,0
fffe3200370031003900,0
fffe3900380031003200,0
fffe3800340032003900,0
fffe3900390032003200,0
fffe360032003000,0
fffe3300330033003900,0
fffe380039003000,0
fffe3500300037003800,0
fffe3700370032003600,0
fffe3100380032003100,0
fffe3700320032003100,0
fffe3700340038003500,0
fffe3700370039003600,0
fffe3200340030003000,0
fffe3800330035003300,0
fffe3300330032003000,0
fffe3200350037003100,0
fffe3700330033003200,0
fffe3600310038003800,0
fffe3300300031003000,0
fffe3800300039003100,0
fffe3800380036003000,0
fffe3700300031003800,0
fffe3100320031003400,0
fffe3700380037003900,0
fffe3700350030003300,0
fffe3500320035003100,0
fffe3100390033003000,0
fffe3500390035003000,0
fffe3900340030003500,0
fffe320031003900,0
fffe3400370037003500,0
fffe310036003700,0
fffe3600300039003000,0
fffe3600310038003000,0
fffe3600330038003100,0
fffe3400300033003400,0
fffe3800360038003000,0
fffe3300300033003300,0
fffe3500310031003800,0
fffe3300360032003800,0
fffe3900390036003900,0
fffe3600380033003000,0
fffe3900380033003900,0
fffe3900340035003500,0
fffe3100330030003600,0
fffe3600320031003400,0
fffe3900320034003200,0
fffe3300350036003300,0
fffe3100310038003300,0
fffe3100370032003100,0
fffe3500370036003400,0
fffe3100340034003200,0
fffe3600380030003100,0
fffe3400380037003500,0
fffe3400350032003500,0
fffe3100390034003900,0
fffe3600380032003000,0
fffe360032003200,0
fffe3800380038003700,0
fffe3200330034003200,0
fffe390035003800,0
fffe3800310039003800,0
fffe3600320035003500,0
fffe3200350033003800,0
fffe3300380038003200,0
fffe3400310037003200,0
fffe3400300039003900,0
fffe3800310039003200,0
fffe3400360038003700,0
fffe3800340035003400,0
fffe3600320038003000,0
fffe3300350038003900,0
fffe3100370035003900,0
fffe3800300033003800,0
fffe3700380034003800,0
fffe3300350031003300,0
fffe3900320038003000,0
fffe370036003600,0
fffe3700370034003100,0
fffe3500370032003800,0
fffe3800320035003300,0
fffe3300360030003500,0
fffe3700310039003900,0
fffe3900340035003000,0
fffe3900390036003600,0
fffe3800370037003800,0
fffe3400330036003900,0
fffe3800370032003000,0
fffe3200330034003500,0
fffe3800390031003800,0
fffe3300310039003600,0
fffe34003600,0
fffe3900370038003500,0
fffe3200370031003800,0
fffe3200380031003200,0
fffe3100390038003800,0
fffe3800340039003300,0
fffe3200380036003900,0
fffe3900390033003200,0
fffe3100340036003100,0
fffe3600320030003300,0
fffe3400310031003300,0
fffe3200330031003600,0
fffe3700300035003300,0
fffe3300320038003500,0
fffe3100390035003400,0
fffe3800340031003900,0
fffe3100300038003200,0
fffe3700320039003700,0
fffe3900390035003000,0
fffe3300300032003700,0
fffe3500350036003300,0
fffe3100320036003900,0
fffe3300360032003500,0
fffe360031003500,0
fffe3500350033003500,0
fffe3300370035003400,0
fffe390038003500,0
fffe3300370038003800,0
fffe3100310031003600,0
fffe3300390034003600,0
fffe330039003200,0
fffe3500300032003200,0
fffe3900370031003500,0
fffe3400340030003200,0
fffe3400380032003900,0
fffe3400380037003300,0
fffe3100320032003000,0
fffe3900360034003500,0
fffe3100350038003800,0
fffe3500320039003100,0
fffe3700370035003600,0
fffe3700310039003100,0
fffe3500320035003600,0
fffe3900300033003900,0
fffe3300340031003400,0
fffe3700360034003000,0
fffe3500340039003200,0
fffe3400350036003800,0
fffe3100330032003900,0
fffe3500360038003600,0
fffe340032003000,0
fffe380031003800,0
fffe3500380032003400,0
fffe3100370039003900,0
fffe3700330035003500,0
fffe3600320031003700,0
fffe3300340030003400,0
fffe3400330030003500,0
fffe3200380032003800,0
fffe3400340038003900,0
fffe3100310034003200,0
fffe3800360037003700,0
fffe3200320038003900,0
fffe390037003800,0
fffe3600370033003300,0
fffe3900390033003300,0
fffe3200340033003900,0
fffe3500370031003200,0
fffe3800380033003300,0
fffe3600340032003600,0
fffe3800310037003000,0
fffe3700360037003700,0
fffe3200360035003800,0
fffe3500370031003000,0
fffe3400350034003700,0
fffe3200300036003400,0
fffe3800350034003800,0
fffe3500340035003000,0
fffe3500340030003700,0
fffe3300340032003000,0
fffe3800370036003900,0
fffe390033003600,0
fffe3800330036003200,0
fffe3500350034003400,0
fffe3200350039003000,0
fffe3100320033003700,0
fffe3900320039003000,0
fffe3200380033003800,0
fffe3800390034003000,0
fffe3600370039003900,0
fffe3100370035003200,0
fffe3400370030003900,0
fffe3500380033003100,0
fffe3700340037003000,0
fffe3700320033003900,0
fffe3800320035003800,0
fffe3500370038003400,0
fffe3500380030003400,0
fffe3800330037003500,0
fffe3500320037003400,0
fffe3400310033003500,0
fffe3500360039003200,0
fffe3800350030003800,0
fffe320039003900,0
fffe3800350031003400,0
fffe3400370030003400,0
fffe3800350035003400,0
fffe3700360035003600,0
fffe3500360035003300,0
fffe3200390033003700,0
fffe3500340037003600,0
fffe360036003400,0
fffe3300300038003200,0
fffe3900330037003200,0
fffe3800330036003700,0
fffe3600310037003800,0
fffe3500330031003200,0
fffe3400390035003500,0
fffe3300330031003400,0
fffe3300300034003900,0
fffe3400390036003600,0
fffe3800370037003900,0
fffe3100320038003900,0
fffe3500370039003500,0
fffe3100360032003100,0
fffe3500360031003600,0
fffe3100310031003400,0
fffe3600330039003300,0
fffe3600320033003800,0
fffe3100370034003300,0
fffe3900330032003200,0
fffe3800300039003200,0
fffe3200350030003300,0
fffe3100300035003500,0
fffe3400340031003600,0
fffe3400390032003800,0
fffe3900330035003400,0
fffe3700380034003200,0
fffe3500310038003400,0
fffe3700330037003900,0
fffe39003000,0
fffe3100300035003800,0
fffe3900360039003000,0
fffe3100340033003700,0
fffe3800310031003000,0
fffe3600360030003100,0
fffe3600320030003600,0
fffe3600320039003800,0
fffe3900360037003600,0
fffe3200340032003300,0
fffe3800300038003200,0
fffe3300380036003300,0
fffe310039003000,0
fffe380030003000,0
fffe3700300035003900,0
fffe3400310030003800,0
fffe3700390032003200,0
fffe3900340032003600,0
fffe3300310031003500,0
fffe3200320030003500,0
fffe3700360031003000,0
fffe310036003800,0
fffe3700310033003900,0
fffe3200300035003100,0
fffe3900390038003800,0
fffe3200330030003200,0
fffe3700370031003800,0
fffe3200350035003600,0
fffe3500330031003000,0
fffe3400340038003400,0
fffe3100300033003100,0
fffe3700360034003800,0
fffe3600310034003300,0
fffe3100360035003700,0
fffe3600300034003800,0
fffe3200340038003200,0
fffe3400370033003300,0
fffe3700300034003100,0
fffe3200340034003100,0
fffe3800320033003700,0
fffe3500380037003200,0
fffe3700330038003100,0
fffe3700330030003500,0
fffe3200380033003300,0
fffe3200370038003900,0
fffe380035003500,0
fffe3400330039003600,0
fffe3700370034003000,0
fffe350037003100,0
fffe3900380037003200,0
fffe3200310039003200,0
fffe3300300032003300,0
fffe3700300032003800,0
fffe3600340036003000,0
fffe3900300036003700,0
fffe3500360032003200,0
fffe3900330037003600,0
fffe32003700,0
fffe3200380033003100,0
fffe3400300036003100,0
fffe3300300035003200,0
fffe3900320030003600,0
fffe31003400,0
fffe3800320033003400,0
fffe3100330039003100,0
fffe3800350035003300,0
fffe3300390032003700,0
fffe3700370034003900,0
fffe3800340036003000,0
fffe3500330035003100,0
fffe3900320039003200,0
fffe3400350033003500,0
fffe3900350032003000,0
fffe3800390037003600,0
fffe35003300,0
fffe3300370032003300,0
fffe3100390032003000,0
fffe3200390038003800,0
fffe3800370034003300,0
fffe3300380038003000,0
fffe3300350037003800,0
fffe3400380038003000,0
fffe3800360038003100,0
fffe3500360033003000,0
fffe3800310031003300,0
fffe3600300033003700,0
fffe3600370036003200,0
fffe3400390033003800,0
fffe3900350039003100,0
fffe3600360031003600,0
fffe320034003900,0
fffe36003400,0
fffe3400330039003500,0
fffe3600390031003700,0
fffe3100350033003700,0
fffe3300340039003800,0
fffe3600300035003500,0
fffe3800390039003500,0
fffe3900350038003900,0
fffe3600320038003900,0
fffe3500340036003400,0
fffe3700390035003300,0
fffe3500330031003400,0
fffe3800370035003400,0
fffe3100310033003100,0
fffe3300360030003800,0
fffe3800340034003200,0
fffe3800320037003000,0
fffe3100370030003400,0
fffe3600380034003100,0
fffe3200330030003000,0
fffe3500340033003300,0
fffe3300310033003700,0
fffe3700370039003200,0
fffe3300370033003800,0
fffe3300360039003800,0
fffe3500370039003300,0
fffe3100310035003500,0
fffe360034003800,0
fffe33003500,0
fffe3300320039003500,0
fffe3800380037003500,0
fffe3600370033003400,0
fffe3700390030003500,0
fffe3100350032003100,0
fffe3800390036003700,0
fffe3300350039003300,0
fffe3200350034003000,0
fffe3300350033003600,0
fffe3700380035003000,0
fffe3300330030003600,0
fffe3600370035003700,0
fffe310030003300,0
fffe3200310031003600,0
fffe3700300038003000,0
fffe3300340036003500,0
fffe3300350032003600,0
fffe3800360035003900,0
fffe3300330030003400,0
fffe380037003900,0
fffe3500310033003600,0
fffe3100330036003700,0
fffe3300350039003500,0
fffe3900390030003500,0
fffe3200350030003900,0
fffe320035003200,0
fffe3100340037003100,0
fffe3800340035003300,0
fffe3400330039003400,0
fffe3400320039003400,0
fffe3700330036003500,0
fffe360034003600,0
fffe3300300031003300,0
fffe3700300038003400,0
fffe3300340033003300,0
fffe3700340039003600,0
fffe310034003400,0
fffe3300340031003500,0
fffe3900310036003500,0
fffe3500300036003200,0
fffe3500350038003900,0
fffe3300370037003800,0
fffe3300320030003000,0
fffe3600320032003000,0
fffe3200390036003100,0
fffe3300340037003700,0
fffe3800330032003700,0
fffe3900350035003800,0
fffe3200330033003300,0
fffe3300380038003400,0
fffe3800340037003700,0
fffe380033003700,0
fffe370032003700,0
fffe3700390037003500,0
fffe3400330039003200,0
fffe3300310034003100,0
fffe3300360032003100,0
fffe3500330034003100,0
fffe3800300038003900,0
fffe3400320030003900,0
fffe3900380031003700,0
fffe3200380036003200,0
fffe380030003400,0
fffe3500350037003900,0
fffe3100390031003700,0
fffe310039003400,0
fffe3700350030003100,0
fffe3200390035003000,0
fffe3900380034003300,0
fffe3200300032003600,0
fffe3400360034003400,0
fffe3200330039003100,0
fffe3600310036003300,0
fffe3800360037003900,0
fffe3600390034003500,0
fffe3900370030003600,0
fffe3500390030003100,0
fffe3800350036003300,0
fffe3400320036003200,0
fffe3800320038003300,0
fffe3500390037003400,0
fffe3400340030003100,0
fffe3900310038003800,0
fffe3800390039003400,0
fffe3300350035003600,0
fffe3500390034003600,0
fffe3700380039003500,0
fffe3200320034003000,0
fffe3200300037003800,0
fffe3100380034003000,0
fffe3400370033003600,0
fffe3700390031003600,0
fffe3600380034003000,0
fffe3300360032003300,0
fffe3400370032003100,0
fffe3300320035003300,0
fffe3100340032003600,0
fffe3600340033003500,0
fffe3500340036003000,0
fffe3900340034003900,0
fffe3400370032003300,0
fffe3500360032003300,0
fffe3600390033003700,0
fffe3500360036003400,0
fffe3400330038003600,0
fffe3700390035003700,0
fffe3700340034003700,0
fffe3300320032003200,0
fffe3600390036003900,0
fffe3600350037003700,0
fffe3300350032003100,0
fffe3400310039003600,0
fffe3100370033003300,0
fffe3700360032003100,0
fffe340038003300,0
fffe3800390035003200,0
fffe3600330033003100,0
fffe3800340030003800,0
fffe3500330031003600,0
fffe3100300032003300,0
fffe3400350035003200,0
fffe3300300033003900,0
fffe3300370039003000,0
fffe340036003000,0
fffe3200310032003600,0
fffe3200390031003400,0
fffe3200320035003900,0
fffe3600370039003000,0
fffe3900350032003400,0
fffe3900360031003900,0
fffe3200300033003100,0
fffe3400340032003100,0
fffe3300300032003900,0
fffe3200360039003600,0
fffe350034003200,0
fffe3500360034003400,0
fffe3100300030003600,0
fffe3100320037003900,0
fffe3300320039003000,0
fffe370034003200,0
fffe3500300037003600,0
fffe3900310030003100,0
fffe380030003800,0
fffe3100340035003700,0
fffe3500330034003500,0
fffe3300370035003300,0
fffe3400370033003900,0
fffe3800300030003400,0
fffe3800320036003200,0
fffe3100380039003000,0
fffe3300390034003500,0
fffe3900330035003600,0
fffe3200380038003600,0
fffe3300390039003300,0
fffe3400320033003200,0
fffe3500380033003900,0
fffe3700330032003800,0
fffe3400390037003300,0
fffe3500340037003400,0
fffe3500380037003600,0
fffe3100380031003900,0
fffe3500370038003700,0
fffe3500370031003600,0
fffe3400310036003100,0
fffe3600320030003900,0
fffe3600300038003400,0
fffe3400350031003800,0
fffe3200350031003200,0
fffe3200340035003900,0
fffe3100350037003200,0
fffe3400340033003700,0
fffe3300340039003400,0
fffe3700350038003200,0
fffe3200340033003300,0
fffe3500370037003100,0
fffe3600370030003200,0
fffe3300300032003800,0
fffe3200380035003500,0
fffe3400370031003700,0
fffe3500330031003300,0
fffe3700370033003100,0
fffe3800380032003100,0
fffe3600320036003600,0
fffe3800340036003200,0
fffe350031003200,0
fffe3400380035003900,0
fffe3900380031003900,0
fffe3800350035003600,0
fffe320037003900,0
fffe3800360032003400,0
fffe3500340032003200,0
fffe3100390037003800,0
fffe3900320036003200,0
fffe3700360033003000,0
fffe3100360032003400,0
fffe3600390038003900,0
fffe3400320036003600,0
fffe3900360039003600,0
fffe3900380033003300,0
fffe3400390032003400,0
fffe390035003700,0
fffe370031003900,0
fffe3800390035003600,0
fffe3800330039003200,0
fffe390034003400,0
fffe3800380032003300,0
fffe3500330033003200,0
fffe3700320037003700,0
fffe3800350039003800,0
fffe3700360036003600,0
fffe3600360032003500,0
fffe3600300031003600,0
fffe3600300032003000,0
fffe3400340030003600,0
fffe3900300036003800,0
fffe3400350035003600,0
fffe3300310038003400,0
fffe340036003100,0
fffe3100350036003200,0
fffe3600320036003100,0
fffe3100340035003600,0
fffe380034003200,0
fffe3100390033003300,0
fffe3900360037003900,0
fffe3400350032003300,0
fffe3900390033003100,0
fffe3400320035003300,0
fffe3100380039003400,0
fffe3200350031003500,0
fffe3900360033003700,0
fffe3300350037003000,0
fffe3700380035003900,0
fffe3400380039003400,0
fffe3100330034003800,0
fffe3700380032003300,0
fffe3100390034003100,0
fffe3500360033003700,0
fffe3800300038003800,0
fffe3900330036003200,0
fffe3900300030003000,0
fffe3300340030003900,0
fffe3100340032003500,0
fffe3100330035003700,0
fffe3200370030003900,0
fffe3900310034003900,0
fffe3400320035003700,0
fffe3800380032003900,0
fffe3500370034003300,0
fffe350034003700,0
fffe3900320030003900,0
fffe3700390030003000,0
fffe3200350039003700,0
fffe3100360037003300,0
fffe3100350032003800,0
fffe3300380030003700,0
fffe3200330033003500,0
fffe3400300033003300,0
fffe3100360033003600,0
fffe3400370037003700,0
fffe3400340033003100,0
fffe3200340035003700,0
fffe3500380030003800,0
fffe3500360033003600,0
fffe3500380032003900,0
fffe3300310035003500,0
fffe340036003700,0
fffe3800300039003500,0
fffe3200310035003100,0
fffe380039003100,0
fffe3800320031003400,0
fffe3800320039003100,0
fffe3800300038003600,0
fffe3400320034003500,0
fffe340037003300,0
fffe3700340037003500,0
fffe3500340032003900,0
fffe3600360035003600,0
fffe3900350030003900,0
fffe3700370037003000,0
fffe3800360036003800,0
fffe3500390033003400,0
fffe3900350039003700,0
fffe3500390034003800,0
fffe3900370035003700,0
fffe3100310032003700,0
fffe3200360033003600,0
fffe3200390037003500,0
fffe3300350039003400,0
fffe3700390032003900,0
fffe3800380033003900,0
fffe3300360037003100,0
fffe3100340039003100,0
fffe3200340034003700,0
fffe3400390033003500,0
fffe3100370030003100,0
fffe3900390036003200,0
fffe3700380038003300,0
fffe3300380038003500,0
fffe3700320033003800,0
fffe3900360037003100,0
fffe3400340039003200,0
fffe3500320036003400,0
fffe3400340031003000,0
fffe3600340038003400,0
fffe3100380037003900,0
fffe3100300032003900,0
fffe3100350030003400,0
fffe3700330036003700,0
fffe3300370035003700,0
fffe3300360037003900,0
fffe3600310038003200,0
fffe3100370035003300,0
fffe3500390036003300,0
fffe390032003400,0
fffe3400330031003300,0
fffe3100300035003900,0
fffe3500390030003500,0
fffe3500330030003400,0
fffe3800340035003500,0
fffe3900340037003200,0
fffe3200340033003700,0
fffe330032003800,0
fffe3900350031003300,0
fffe3600380036003200,0
fffe3100340031003500,0
fffe3200380033003600,0
fffe3400390030003200,0
fffe3100340030003800,0
fffe3500320032003500,0
fffe3100330036003300,0
fffe3300340033003100,0
fffe3500380036003700,0
fffe3500390036003000,0
fffe390034003700,0
fffe3200360031003900,0
fffe3800310032003200,0
fffe3200310038003900,0
fffe3400340032003500,0
fffe3600360038003900,0
fffe3100360039003600,0
fffe35003400,0
fffe3700310030003800,0
fffe3200340031003200,0
fffe3100350031003800,0
fffe3300390034003900,0
fffe3900310033003100,0
fffe3800390036003800,0
fffe3200370036003400,0
fffe320034003400,0
fffe3100390034003200,0
fffe3400300038003500,0
fffe340033003600,0
fffe3100320032003500,0
fffe3200320038003100,0
fffe3300370037003100,0
fffe3900390034003800,0
fffe3200310038003100,0
fffe3900320032003100,0
fffe3800380030003900,0
fffe3600330039003600,0
fffe3100320034003000,0
fffe3500300030003700,0
fffe3800310037003400,0
fffe3100320036003800,0
fffe3600320038003800,0
fffe360038003100,0
fffe3600310033003200,0
fffe3300360032003400,0
fffe3800360031003900,0
fffe3500340037003300,0
fffe3600370038003600,0
fffe3500330037003700,0
fffe3900350033003100,0
fffe3200300035003400,0
fffe3900340035003900,0
fffe3700370036003800,0
fffe3400320033003700,0
fffe3900390036003000,0
fffe3900390033003900,0
fffe3500300038003200,0
fffe3100330035003300,0
fffe3200350035003400,0
fffe3400390033003300,0
fffe370030003700,0
fffe3600370031003300,0
fffe3500300033003300,0
fffe3400310032003500,0
fffe3300360039003200,0
fffe3200360034003600,0
fffe3600360039003100,0
fffe3800350036003900,0
fffe3500360036003100,0
fffe3200320036003200,0
fffe3400340038003000,0
fffe3100360039003400,0
fffe3300360033003000,0
fffe3800300031003000,0
fffe3700330033003500,0
fffe3400340037003900,0
fffe3700370031003200,0
fffe3700350032003400,0
fffe3100350038003000,0
fffe3200360030003600,0
fffe3100380033003000,0
fffe3300300030003600,0
fffe3800360034003900,0
fffe3800360037003000,0
fffe3700310032003900,0
fffe3300310037003600,0
fffe3500300036003400,0
fffe3400330033003300,0
fffe3500310031003900,0
fffe3100360033003700,0
fffe3200380039003500,0
fffe3900310033003400,0
fffe3200350036003800,0
fffe3400300034003300,0
fffe3800330034003600,0
fffe3100390035003800,0
fffe3500370032003700,0
fffe3500390038003300,0
fffe3600360033003200,0
fffe3500320035003800,0
fffe35003800,0
fffe3400330035003400,0
fffe3700340033003500,0
fffe3600320033003700,0
fffe3900360039003800,0
fffe3700310033003700,0
fffe3100370037003600,0
fffe3800320035003900,0
fffe3600350039003700,0
fffe3700360032003500,0
fffe3200330039003000,0
fffe3300300031003700,0
fffe370039003100,0
fffe3900320032003300,0
fffe3400390033003000,0
fffe3300310039003200,0
fffe3400390030003500,0
fffe3100310030003600,0
fffe3500350036003800,0
fffe3400370038003000,0
fffe3400370038003400,0
fffe3200320039003200,0
fffe380035003900,0
fffe3600320037003700,0
fffe3400330039003700,0
fffe3700320033003300,0
fffe3800390031003500,0
fffe3100320035003200,0
fffe3100370038003500,0
fffe3200310030003100,0
fffe3200300038003800,0
fffe3600360030003400,0
fffe340035003900,0
fffe320031003000,0
fffe3200350035003700,0
fffe3500370038003000,0
fffe3500360039003000,0
fffe3600320032003900,0
fffe3800350036003500,0
fffe3200300034003400,0
fffe3700390033003100,0
fffe3200380036003700,0
fffe3300340039003100,0
fffe3900380033003500,0
fffe3500320039003200,0
fffe3700330033003000,0
fffe3200330038003000,0
fffe3300300031003100,0
fffe350035003200,0
fffe3200310039003600,0
fffe3500310030003100,0
fffe3100340037003500,0
fffe3200350036003100,0
fffe3500350034003200,0
fffe3400390035003700,0
fffe3200390036003700,0
fffe3200330037003700,0
fffe390032003900,0
fffe3200310034003700,0
fffe3600320032003400,0
fffe3400380031003800,0
fffe3900330030003500,0
fffe3200390037003200,0
fffe3200370036003100,0
fffe3500340031003500,0
fffe3400350037003500,0
fffe3600320037003300,0
fffe3800370034003100,0
fffe3700390032003800,0
fffe3400380039003100,0
fffe3100350032003000,0
fffe3700300033003900,0
fffe3700310037003600,0
fffe3300380037003500,0
fffe3200300035003300,0
fffe3800390033003900,0
fffe3800350034003100,0
fffe3400370033003100,0
fffe370038003600,0
fffe3600310032003700,0
fffe3200370036003300,0
fffe3600380034003900,0
fffe3200320037003700,0
fffe3100310032003100,0
fffe3300390032003400,0
fffe3100340031003700,0
fffe3500390038003400,0
fffe3900370031003700,0
fffe3500310030003300,0
fffe3900320033003600,0
fffe3300370031003000,0
fffe3700350036003900,0
fffe3200310033003900,0
fffe390039003300,0
fffe3900390031003500,0
fffe3500300036003100,0
fffe3300370039003500,0
fffe3700380031003100,0
fffe3800380036003700,0
fffe3200350034003400,0
fffe3700350034003900,0
fffe3100390034003700,0
fffe3300390031003400,0
fffe3300380034003900,0
fffe3400390038003500,0
fffe3300370039003700,0
fffe3100380035003800,0
fffe3700340031003400,0
fffe3400370030003700,0
fffe3100390039003400,0
fffe3100330031003000,0
fffe340033003500,0
fffe3800370031003200,0
fffe3200380032003300,0
fffe3900350038003800,0
fffe3700300033003400,0
fffe3600390032003600,0
fffe3500310036003600,0
fffe390030003600,0
fffe3700330035003800,0
fffe3400360035003600,0
fffe3800330035003500,0
fffe3100310036003800,0
fffe3400300035003300,0
fffe3600390036003600,0
fffe3500370038003100,0
fffe3800390031003700,0
fffe3500320030003000,0
fffe330034003200,0
fffe3800300031003900,0
fffe3500320039003900,0
fffe3500300038003800,0
fffe3700330034003900,0
fffe3600370034003700,0
fffe3100300032003700,0
fffe3900360032003700,0
fffe3600340038003800,0
fffe3400310036003300,0
fffe3500330033003100,0
fffe3100370031003100,0
fffe3500370034003900,0
fffe3500360034003700,0
fffe3200330031003100,0
fffe3600360039003200,0
fffe310035003600,0
fffe3600390031003000,0
fffe3100350031003500,0
fffe3900320038003100,0
fffe3600350031003000,0
fffe340034003100,0
fffe3400390037003000,0
fffe3800310037003100,0
fffe33003200,0
fffe3200390036003000,0
fffe3900390034003400,0
fffe3200350035003900,0
fffe3100330034003200,0
fffe3600310031003300,0
fffe3400310037003900,0
fffe3400330037003100,0
fffe3100370039003500,0
fffe3300350032003300,0
fffe3600350035003700,0
fffe3400330033003500,0
fffe3400310038003100,0
fffe3700380035003400,0
fffe3400340038003600,0
fffe3200350034003900,0
fffe3100390035003900,0
fffe3600300031003400,0
fffe3400330031003600,0
fffe3400360030003300,0
fffe3500370036003600,0
fffe3300390036003800,0
fffe3900370030003500,0
fffe3400380031003900,0
fffe3600320039003600,0
fffe3500330030003100,0
fffe3600370034003100,0
fffe3100340038003600,0
fffe3500350037003600,0
fffe3500330035003300,0
fffe3500370036003800,0
fffe3700310033003600,0
fffe310034003600,0
fffe3100350038003200,0
fffe3100330035003900,0
fffe3500350034003000,0
fffe3100370036003800,0
fffe3900330039003600,0
fffe3500390037003200,0
fffe350033003600,0
fffe3300390032003300,0
fffe3800310032003900,0
fffe3700330033003800,0
fffe3900320032003500,0
fffe3400360033003000,0
fffe3100340030003700,0
fffe3200340034003600,0
fffe3900390038003300,0
fffe350036003000,0
fffe3500310037003300,0
fffe3900390030003700,0
fffe3300350035003500,0
fffe3300380037003800,0
fffe3900330035003300,0
fffe3100360030003700,0
fffe3100340034003900,0
fffe3600330036003600,0
fffe330039003000,0
fffe3800380038003300,0
fffe3300340036003400,0
fffe3200300033003800,0
fffe3400340032003600,0
fffe3300320034003000,0
fffe3100300039003700,0
fffe3200340030003700,0
fffe390030003300,0
fffe3800320031003900,0
fffe3400300035003600,0
fffe3200360031003700,0
fffe3500300033003100,0
fffe3100380033003100,0
fffe3400330030003000,0
fffe3700340032003000,0
fffe3200370034003100,0
fffe3600350032003300,0
fffe3300380030003800,0
fffe3300320039003400,0
fffe3200300031003100,0
fffe3200310037003500,0
fffe3900370038003100,0
fffe3500350034003300,0
fffe330034003000,0
fffe3300370032003600,0
fffe3900330037003800,0
fffe3600310035003000,0
fffe310039003200,0
fffe3800380036003400,0
fffe3600300034003300,0
fffe3400300039003300,0
fffe3500310033003900,0
fffe3600390038003700,0
fffe3900340031003900,0
fffe340033003400,0
fffe3500390038003700,0
fffe3400390039003700,0
fffe3100310039003300,0
fffe3800330034003900,0
fffe3700,0
fffe3400320038003700,0
fffe31003200,0
fffe3600370037003000,0
fffe3400330039003100,0
fffe3500360034003100,0
fffe3500330037003500,0
fffe3100360038003700,0
fffe3300340036003200,0
fffe3100310034003600,0
fffe3100380034003400,0
fffe3400380032003400,0
fffe3700370034003800,0
fffe3700390037003800,0
fffe3800370030003200,0
fffe3300340039003700,0
fffe3900390039003700,0
fffe3300390039003400,0
fffe3900300032003700,0
fffe3700380035003100,0
fffe370037003000,0
fffe3600300036003000,0
fffe3600320035003800,0
fffe3600300036003500,0
fffe310033003000,0
fffe3500340033003900,0
fffe3500340038003700,0
fffe3300340034003400,0
fffe3800380031003900,0
fffe3400340036003100,0
fffe3800380036003300,0
fffe3800310032003800,0
fffe3400300032003900,0
fffe3900320038003900,0
fffe3900350039003500,0
fffe3900320030003000,0
fffe3300330034003500,0
fffe3800310032003500,0
fffe370037003500,0
fffe320039003000,0
fffe380036003900,0
fffe3400350032003700,0
fffe3300300031003800,0
fffe3600330035003900,0
fffe3300310031003200,0
fffe3600320036003500,0
fffe3500360039003500,0
fffe3400370036003000,0
fffe3300330038003400,0
fffe3500300037003900,0
fffe3700350038003300,0
fffe3600370032003000,0
fffe3500380031003300,0
fffe3200380032003100,0
fffe350030003900,0
fffe3700380031003200,0
fffe3200390039003900,0
fffe3900390036003800,0
fffe380035003200,0
fffe3800350030003000,0
fffe3800310034003600,0
fffe3100350032003600,0
fffe3900300037003600,0
fffe3200340033003600,0
fffe3500390031003600,0
fffe3800330034003800,0
fffe3300370035003000,0
fffe3500350034003600,0
fffe3100390032003200,0
fffe3800370036003800,0
fffe3900310036003100,0
fffe3300390036003100,0
fffe3300380032003500,0
fffe3900330032003900,0
fffe3200330034003400,0
fffe3300390030003000,0
fffe3500340036003200,0
fffe3600380035003700,0
fffe330030003400,0
fffe390039003400,0
fffe31003000,0
fffe3900320032003400,0
fffe380037003000,0
fffe3500380038003100,0
fffe3800360038003200,0
fffe3300350035003400,0
fffe3500380034003000,0
fffe3900320033003800,0
fffe3400320030003100,0
fffe3700320033003200,0
fffe3200340033003000,0
fffe3500350032003800,0
fffe3700320036003200,0
fffe3700380032003600,0
fffe390032003300,0
fffe370031003600,0
fffe3300390031003100,0
fffe3400390033003200,0
fffe3400370032003800,0
fffe3400380030003500,0
fffe3100310030003500,0
fffe3200300030003500,0
fffe3300330032003700,0
fffe3300320031003600,0
fffe3900370036003300,0
fffe320030003400,0
fffe3200300032003500,0
fffe3600330031003700,0
fffe3600360036003900,0
fffe3600300030003000,0
fffe3200350038003200,0
fffe3400370039003900,0
fffe3900370037003100,0
fffe3800300030003500,0
fffe3400300031003200,0
fffe3200370034003700,0
fffe3300380035003700,0
fffe3100340037003400,0
fffe360037003700,0
fffe3800340034003300,0
fffe3500320037003700,0
fffe3900360031003000,0
fffe340031003800,0
fffe3200350036003300,0
fffe3700310034003100,0
fffe3400320037003500,0
fffe390032003200,0
fffe3300380034003400,0
fffe3100310034003800,0
fffe3100350031003900,0
fffe3700380030003400,0
fffe3800380033003000,0
fffe3400370033003700,0
fffe3900390037003500,0
fffe370030003300,0
fffe3400320034003400,0
fffe3400320031003300,0
fffe3100360033003400,0
fffe3400300031003300,0
fffe3900380039003600,0
fffe380038003600,0
fffe3700350033003800,0
fffe3400360035003900,0
fffe3300390039003700,0
fffe3700300036003100,0
fffe3100370032003400,0
fffe3900300036003300,0
fffe3500340031003800,0
fffe3800390039003100,0
fffe330032003300,0
fffe3600330030003000,0
fffe3700380039003900,0
fffe3300390034003100,0
fffe3700380036003400,0
fffe3300,0
fffe3700360038003000,0
fffe3100360039003900,0
fffe3500310032003500,0
fffe3200300030003400,0
fffe3800310031003500,0
fffe3900300035003300,0
fffe3800340038003700,0
fffe3400360033003200,0
fffe3300360038003300,0
fffe3800380034003200,0
fffe3300390033003400,0
fffe390033003400,0
fffe3500380034003100,0
fffe3700390030003800,0
fffe3800340031003100,0
fffe3800340030003200,0
fffe3400340030003000,0
fffe3600320033003200,0
fffe3400390031003600,0
fffe3700300039003000,0
fffe3400340031003300,0
fffe370038003500,0
fffe3900320036003900,0
fffe3600330035003300,0
fffe3100370030003500,0
fffe3800320036003500,0
fffe3800350031003300,0
fffe34003000,0
fffe3300390034003300,0
fffe3100340034003400,0
fffe3900350031003700,0
fffe3500320038003800,0
fffe3800320038003200,0
fffe3600320039003200,0
fffe3800320032003600,0
fffe3800350038003000,0
fffe3100340034003600,0
fffe3500320038003300,0
fffe3200360039003900,0
fffe360034003700,0
fffe3700380037003800,0
fffe3800390039003700,0
fffe3700380039003300,0
fffe3400320030003500,0
fffe360035003200,0
fffe3700380035003600,0
fffe3900320037003300,0
fffe3700320038003800,0
fffe3400320031003800,0
fffe3400360039003900,0
fffe3700380035003200,0
fffe3900330034003800,0
fffe390038003100,0
fffe3100300039003200,0
fffe3200310039003100,0
fffe3800330038003300,0
fffe3500330035003200,0
fffe3200330031003300,0
fffe3400330030003400,0
fffe3900360035003800,0
fffe3100360038003400,0
fffe3900340037003700,0
fffe3400370032003000,0
fffe3600310033003800,0
fffe3300310036003400,0
fffe3100390038003500,0
fffe310033003900,0
fffe320037003200,0
fffe360030003000,0
fffe3100350037003800,0
fffe3800300030003800,0
fffe3100360036003200,0
fffe3700300030003300,0
fffe3600340033003300,0
fffe3800330030003900,0
fffe3200330031003200,0
fffe3400320032003800,0
fffe3900330036003500,0
fffe3200340035003300,0
fffe3800340034003900,0
fffe3400360038003400,0
fffe3700390034003400,0
fffe3200390032003800,0
fffe3300360034003200,0
fffe3600300030003800,0
fffe3700370039003800,0
fffe3400310030003400,0
fffe3100350033003000,0
fffe3700390037003700,0
fffe3600390039003600,0
fffe3700390034003100,0
fffe3600,0
fffe3800330033003600,0
fffe380035003000,0
fffe3700380038003000,0
fffe3600300039003100,0
fffe3700330036003400,0
fffe3100330038003700,0
fffe3100350035003400,0
fffe3100320033003400,0
fffe3800300030003300,0
fffe3200350032003100,0
fffe3500330032003400,0
fffe3800360030003600,0
fffe3700300036003500,0
fffe360036003200,0
fffe3800360039003900,0
fffe3100340031003200,0
fffe3600320039003700,0
fffe3600350034003900,0
fffe310037003600,0
fffe3900390037003600,0
fffe3300390038003700,0
fffe3700320032003900,0
fffe3500300033003500,0
fffe3800330033003100,0
fffe3500370039003000,0
fffe3900310039003800,0
fffe3800380039003200,0
fffe3300370038003000,0
fffe3900370030003700,0
fffe3100320034003500,0
fffe3300380038003800,0
fffe3600310035003500,0
fffe3700320033003700,0
fffe390038003300,0
fffe3900360031003300,0
fffe3300370030003600,0
fffe3300310038003300,0
fffe3600380036003800,0
fffe3800310038003100,0
fffe3600330036003400,0
fffe3500310031003500,0
fffe3600380035003500,0
fffe3300380035003100,0
fffe3500380039003100,0
fffe3900390032003300,0
fffe3700370036003200,0
fffe3600330037003500,0
fffe3600370030003800,0
fffe3400310035003600,0
fffe3300390031003000,0
fffe3500320031003100,0
fffe3300360031003300,0
fffe3100390030003100,0
fffe3600370032003400,0
fffe3100340032003200,0
fffe3400330038003200,0
fffe3500320039003700,0
fffe3800330034003400,0
fffe3600320038003300,0
fffe320039003200,0
fffe3400360034003600,0
fffe3100330033003700,0
fffe3400370039003000,0
fffe3300320035003200,0
fffe3200360035003100,0
fffe3500380034003400,0
fffe3200320034003100,0
fffe3500390036003100,0
fffe3500310030003800,0
fffe3600320034003300,0
fffe3600330032003500,0
fffe3200310035003700,0
fffe3100360032003800,0
fffe3600330033003800,0
fffe370038003700,0
fffe3100360036003000,0
fffe3300350038003300,0
fffe3500330034003000,0
fffe3300310038003100,0
fffe3400340037003400,0
fffe3100320034003900,0
fffe3700370038003100,0
fffe3500310039003600,0
fffe3800340038003000,0
fffe3600380032003900,0
fffe3300390038003600,0
fffe320038003900,0
fffe3200360039003300,0
fffe3600360034003800,0
fffe350034003500,0
fffe3100310038003000,0
fffe3100370031003300,0
fffe3500360033003100,0
fffe3300340030003600,0
fffe3800380034003600,0
fffe3800360033003000,0
fffe3300340038003700,0
fffe3100390033003900,0
fffe3300390030003400,0
fffe3200360034003800,0
fffe3700340033003800,0
fffe3500340033003700,0
fffe3400300032003500,0
fffe3400320033003000,0
fffe330032003700,0
fffe3200360031003600,0
fffe3600390038003300,0
fffe3800390032003600,0
fffe3200340037003900,0
fffe3200380035003800,0
fffe3900310032003800,0
fffe3200370037003000,0
fffe3400320035003100,0
fffe3600350035003500,0
fffe3100310032003500,0
fffe3100320038003300,0
fffe3600390037003400,0
fffe3300350035003900,0
fffe3700320034003400,0
fffe330038003900,0
fffe3200380039003200,0
fffe3400320032003500,0
fffe3500310032003200,0
fffe370035003800,0
fffe3600390030003300,0
fffe3900370030003300,0
fffe320033003800,0
fffe3800380038003400,0
fffe3800390038003500,0
fffe3600380038003400,0
fffe3400360031003200,0
fffe3300390030003600,0
fffe330036003700,0
fffe3900370039003600,0
fffe3800340039003800,0
fffe370034003000,0
fffe3200370030003700,0
fffe360035003400,0
fffe370039003900,0
fffe3900380032003200,0
fffe3900360033003900,0
fffe3400320039003900,0
fffe3100380038003700,0
fffe3300320030003700,0
fffe3100350030003200,0
fffe38003500,0
fffe3700300039003900,0
fffe350031003800,0
fffe3100380039003600,0
fffe3100380030003900,0
fffe3500370035003400,0
fffe3600320039003900,0
fffe3900390037003700,0
fffe3100360034003100,0
fffe3500320038003100,0
fffe3900300030003300,0
fffe3400340033003900,0
fffe3400310038003000,0
fffe3100330034003400,0
fffe3200370031003200,0
fffe3700300030003600,0
fffe3300350031003600,0
fffe3400300033003100,0
fffe3500330038003700,0
fffe340034003000,0
fffe3100370034003900,0
fffe3700340030003300,0
fffe3900300033003500,0
fffe3400390032003900,0
fffe3300380034003600,0
fffe3100370038003700,0
fffe3200320036003800,0
fffe3400340031003200,0
fffe3100310034003500,0
fffe370033003000,0
fffe3600360038003200,0
fffe3700330038003300,0
fffe3500350034003800,0
fffe3500350035003000,0
fffe3100330036003100,0
fffe3200320030003900,0
fffe3400390036003300,0
fffe3900360039003300,0
fffe3200340032003100,0
fffe3200330033003000,0
fffe3100330032003700,0
fffe3300310032003400,0
fffe3600350037003200,0
fffe3500340039003900,0
fffe3500340039003600,0
fffe3900330036003300,0
fffe3600300035003900,0
fffe3500320030003100,0
fffe3800330036003000,0
fffe3200310035003300,0
fffe3100300039003600,0
fffe3900350035003300,0
fffe3500380036003500,0
fffe3100370034003200,0
fffe3900330033003100,0
fffe3800310030003800,0
fffe3100340033003400,0
fffe370037003200,0
fffe3400390031003900,0
fffe3500380036003400,0
fffe360039003100,0
fffe3900370039003300,0
fffe3300350034003000,0
fffe3500310037003600,0
fffe3600320037003800,0
fffe3600360034003600,0
fffe3400370036003900,0
fffe3500380032003300,0
fffe3200390036003500,0
fffe3900340035003100,0
fffe3500390035003500,0
fffe3700310031003700,0
fffe3900350035003100,0
fffe3500380033003200,0
fffe3100370030003200,0
fffe3200300034003900,0
fffe3600340035003800,0
fffe3800360032003800,0
fffe3900330031003400,0
fffe3600320030003200,0
fffe3700350035003500,0
fffe3800350032003800,0
fffe3600330033003600,0
fffe3100310032003900,0
fffe3600340031003400,0
fffe3600340034003100,0
fffe3300350031003000,0
fffe360031003700,0
fffe3900370030003100,0
fffe3500370032003900,0
fffe3900390038003900,0
fffe3400300033003200,0
fffe3500350035003600,0
fffe3700340036003200,0
fffe3700300039003800,0
fffe3700350033003300,0
fffe3700380031003600,0
fffe3400380034003400,0
fffe3900350033003400,0
fffe3900360039003500,0
fffe3600360030003800,0
fffe3200350031003100,0
fffe3800350034003400,0
fffe3100380032003200,0
fffe3500350031003200,0
fffe3800300035003900,0
fffe3900380031003500,0
fffe3400320032003200,0
fffe3600330033003900,0
fffe3600330037003200,0
fffe320038003300,0
fffe3200370031003100,0
fffe3300360036003000,0
fffe3300380035003900,0
fffe3200340034003200,0
fffe3800310035003200,0
fffe3500390033003200,0
fffe3500390032003700,0
fffe3400350032003400,0
fffe3500350035003500,0
fffe3400380032003800,0
fffe360033003000,0
fffe3200320033003700,0
fffe3800370037003500,0
fffe3400390035003300,0
fffe3600370033003900,0
fffe3500300030003000,0
fffe330033003100,0
fffe3500320035003300,0
fffe3400320030003400,0
fffe3100300030003900,0
fffe3900330035003800,0
fffe3600310030003000,0
fffe3400320033003500,0
fffe3600350031003100,0
fffe3300370034003300,0
fffe3700300033003200,0
fffe3400330030003100,0
fffe3600370036003600,0
fffe3100360030003500,0
fffe3100340035003900,0
fffe3600390034003600,0
fffe3800350039003600,0
fffe3300310036003700,0
fffe3700340031003700,0
fffe3100,0
fffe3400380038003300,0
fffe3700310035003300,0
fffe3200300037003400,0
fffe3300350035003200,0
fffe3900300034003300,0
fffe3300310036003500,0
fffe3600390034003900,0
fffe3200370038003100,0
fffe3600390038003000,0
fffe3300390033003000,0
fffe3100350034003000,0
fffe3300330039003600,0
fffe3900340038003300,0
fffe3100300031003800,0
fffe3200320033003800,0
fffe3700340038003800,0
fffe3400360032003900,0
fffe3300350036003800,0
fffe3200380030003500,0
fffe3900340036003100,0
fffe3900320038003200,0
fffe3200320035003700,0
fffe3300330035003900,0
fffe3300390037003300,0
fffe3800360034003600,0
fffe3200350031003600,0
fffe3900350036003400,0
fffe3600330033003000,0
fffe3800370034003200,0
fffe3900300037003500,0
fffe3400330032003700,0
fffe3200310034003200,0
fffe3300340037003800,0
fffe3700370030003800,0
fffe3700310034003000,0
fffe3700310032003000,0
fffe3800340031003200,0
fffe3300340032003100,0
fffe3900300034003900,0
fffe3700330033003600,0
fffe3100320034003600,0
fffe3900330034003100,0
fffe3800370030003400,0
fffe3800300039003600,0
fffe3900340032003200,0
fffe3600320038003600,0
fffe3600380034003400,0
fffe3300300033003800,0
fffe380034003500,0
fffe3600380031003100,0
fffe3600370036003500,0
fffe3100320033003200,0
fffe3900310037003800,0
fffe3600340030003600,0
fffe3600310033003900,0
fffe380034003600,0
fffe3700300036003800,0
fffe3100330034003900,0
fffe3100390036003800,0
fffe3400300031003700,0
fffe3300300030003700,0
fffe360039003400,0
fffe380030003500,0
fffe3400350036003900,0
fffe3200390037003700,0
fffe3400390033003400,0
fffe3800320035003400,0
fffe3700380037003200,0
fffe3800370031003700,0
fffe3500350033003100,0
fffe3900300030003500,0
fffe3800320038003800,0
fffe3200350038003600,0
fffe3900380036003800,0
fffe3700370031003600,0
fffe3400360037003800,0
fffe320035003800,0
fffe3200320037003100,0
fffe3800300036003500,0
fffe3300310032003700,0
fffe3100340033003300,0
fffe3100300039003800,0
fffe3200310031003200,0
fffe3800330031003600,0
fffe3400380037003700,0
fffe3600380038003600,0
fffe3300300037003700,0
fffe3500320034003400,0
fffe3200340039003800,0
fffe3600360035003500,0
fffe310038003500,0
fffe3900310037003700,0
fffe3400330036003100,0
fffe3500300035003000,0
fffe3800370037003400,0
fffe3500370034003500,0
fffe3100350030003900,0
fffe3400390034003600,0
fffe3600370031003500,0
fffe3200390039003400,0
fffe3900360035003400,0
fffe3500370037003000,0
fffe3900360037003500,0
fffe3400300032003100,0
fffe3100380037003100,0
fffe3500300032003600,0
fffe3800370032003500,0
fffe3300370037003000,0
fffe3400380033003100,0
fffe3600390039003200,0
fffe3800380035003500,0
fffe3300310039003500,0
fffe3200330035003000,0
fffe3800360034003700,0
fffe3400350038003700,0
fffe3400380030003800,0
fffe3900330031003200,0
fffe3200370035003000,0
fffe3300390031003700,0
fffe3800300037003000,0
fffe3400340037003700,0
fffe3600350034003600,0
fffe3200350030003700,0
fffe3200380033003400,0
fffe3300390032003900,0
fffe310038003800,0
fffe3800340031003000,0
fffe3900340039003000,0
fffe3500320033003500,0
fffe3300370036003200,0
fffe3100330037003900,0
fffe3700310039003500,0
fffe3500380030003500,0
fffe3700300037003400,0
fffe3800380037003100,0
fffe3100330033003400,0
fffe3900380034003700,0
fffe3200390033003300,0
fffe3300320036003200,0
fffe3200320039003900,0
fffe3900390030003800,0
fffe3500340030003800,0
fffe3600340034003300,0
fffe3500320037003200,0
fffe3600370033003100,0
fffe3100390031003600,0
fffe340030003500,0
fffe3600380035003400,0
fffe3500360031003700,0
fffe3400380033003900,0
fffe3100330037003200,0
fffe3200340031003500,0
fffe3700360031003400,0
fffe3400350039003600,0
fffe3900360038003400,0
fffe3700370038003400,0
fffe3500310035003200,0
fffe3300330030003900,0
fffe3200350038003700,0
fffe3800310037003900,0
fffe3800360031003000,0
fffe3800340034003700,0
fffe3500340038003100,0
fffe3900360033003300,0
fffe3900390032003800,0
fffe3600340035003100,0
fffe3900380033003600,0
fffe3600310037003900,0
fffe3300380036003600,0
fffe390034003500,0
fffe3600350034003100,0
fffe3900380038003500,0
fffe3500330034003800,0
fffe3500340031003200,0
fffe3600330036003200,0
fffe3900340038003400,0
fffe310039003100,0
fffe3800340037003000,0
fffe3800320037003700,0
fffe3300390039003200,0
fffe3300360038003200,0
fffe3200340037003200,0
fffe3300350032003900,0
fffe3200390039003200,0
fffe3700340035003100,0
fffe3500360038003100,0
fffe3500370039003400,0
fffe3800390033003600,0
fffe3300320038003300,0
fffe3100370039003300,0
fffe3400310032003400,0
fffe3200340037003800,0
fffe310031003900,0
fffe3500330033003000,0
fffe3400390037003800,0
fffe360038003800,0
fffe3800340031003800,0
fffe3500330039003400,0
fffe3700320033003500,0
fffe390034003600,0
fffe3600300038003000,0
fffe3100350037003900,0
fffe3500370033003500,0
fffe310038003100,0
fffe340031003600,0
fffe3600370035003000,0
fffe3800320034003000,0
fffe3200360036003400,0
fffe3900340035003700,0
fffe3400320030003600,0
fffe310039003700,0
fffe3600350037003400,0
fffe3300360032003600,0
fffe3800330032003000,0
fffe3800300039003900,0
fffe39003800,0
fffe3700310037003500,0
fffe3300340036003100,0
fffe3800390030003400,0
fffe370036003200,0
fffe3600380033003400,0
fffe3100330030003300,0
fffe3200340037003100,0
fffe3600360039003500,0
fffe3800310031003900,0
fffe3300390038003900,0
fffe3200350030003600,0
fffe330039003500,0
fffe390038003900,0
fffe3800300037003300,0
fffe3700390032003700,0
fffe3600320036003900,0
fffe3900340030003600,0
fffe3700360035003800,0
fffe330034003700,0
fffe3600320035003600,0
fffe3300350038003200,0
fffe3600380033003700,0
fffe3200330035003500,0
fffe3900340030003700,0
fffe3400310038003300,0
fffe3600340035003200,0
fffe3100330032003100,0
fffe3700340038003200,0
fffe3200350035003100,0
fffe3500310033003000,0
fffe3200370035003400,0
fffe3400370030003500,0
fffe3900370032003300,0
fffe3300390030003700,0
fffe3200310037003100,0
fffe3200320033003100,0
fffe3600390035003800,0
fffe3600300033003000,0
fffe3700370037003800,0
fffe3800380031003600,0
fffe3700390035003600,0
fffe390036003100,0
fffe3600380037003600,0
fffe3400310036003400,0
fffe3500380034003300,0
fffe3200360033003800,0
fffe3400320036003700,0
fffe3700370031003400,0
fffe3300350036003500,0
fffe3800390039003200,0
fffe360032003100,0
fffe3100320038003600,0
fffe3900330031003600,0
fffe3900330034003200,0
fffe3500350039003700,0
fffe3300370037003200,0
fffe37003400,0
fffe3700330034003300,0
fffe3700320037003800,0
fffe3700360034003600,0
fffe3800370035003000,0
fffe3100300031003500,0
fffe310031003000,0
fffe3600390035003000,0
fffe3400390030003400,0
fffe3300350031003400,0
fffe3200370030003500,0
fffe3200360036003100,0
fffe3900310033003500,0
fffe3700390038003600,0
fffe3500390039003400,0
fffe3100350038003400,0
fffe3600370036003300,0
fffe3600320031003500,0
fffe3400310036003700,0
fffe3800300036003700,0
fffe3700300038003500,0
fffe3400320032003600,0
fffe3200320032003000,0
fffe3700390034003300,0
fffe3100370032003700,0
fffe3700390032003300,0
fffe360032003700,0
fffe3100350031003600,0
fffe3200310037003900,0
fffe3800340039003700,0
fffe3900330036003900,0
fffe3100310030003300,0
fffe3400370032003500,0
fffe3100370034003800,0
fffe3500370034003800,0
fffe360032003900,0
fffe3600350030003600,0
fffe3200320035003200,0
fffe3800380035003900,0
fffe3600340039003600,0
fffe3100330030003500,0
fffe350039003800,0
fffe3100340036003800,0
fffe3100310036003100,0
fffe37003600,0
fffe3400360030003700,0
fffe3100350039003100,0
fffe3100360037003800,0
fffe340035003400,0
fffe3700370038003500,0
fffe3400370038003900,0
fffe3400300036003500,0
fffe390030003700,0
fffe3500310030003900,0
fffe3600360038003400,0
fffe3600360037003900,0
fffe3900340037003000,0
fffe3200370039003200,0
fffe3100370031003500,0
fffe3300370038003500,0
fffe3500310035003400,0
fffe3600300034003200,0
fffe3400390032003100,0
fffe310035003100,0
fffe3800310034003400,0
fffe3500350036003500,0
fffe3600310039003800,0
fffe3800340038003600,0
fffe3500350037003700,0
fffe3600310032003500,0
fffe310033003200,0
fffe3600310038003100,0
fffe3700360036003100,0
fffe3300340033003400,0
fffe3100380034003200,0
fffe3700340035003300,0
fffe3200390038003300,0
fffe3900360035003700,0
fffe3900360037003200,0
fffe3100340037003600,0
fffe3600370033003800,0
fffe330031003200,0
fffe3800360039003000,0
fffe3200300037003100,0
fffe390031003100,0
fffe3200350031003700,0
fffe3100380031003000,0
fffe3200340037003300,0
